,0
0,휘발유 가격 32개월만에 최저치..1100원대 주유소 등장
1,대기업 퇴직한 선배에게 주유소 취업 권한 까닭
2,1100원대 주유소도 등장..휘발유 값 32개월 만에 '최저'
3,"리터당 1100원대 주유소까지..휘발유 가격, 32개월만에 최저치"
4,"양수영 석유공사 사장 ""한국을 동북아 석유물류 중심지로"""
5,휘발유값 1348원 34개월만에 최저치..하락폭은 11주만에 최소
6,"휘발유 가격, 리터당 1348원..34개월 만에 최저치"
7,2월 첫째주 휘발유 평균가 0.7원 내린 1344.0원
8,휘발유 가격 15주째 하락..L당 1342.7원
9,휘발유·경유 가격 15주째 하락..당분간 비슷한 수준
10,휘발유 가격 32개월만에 최저치..1100원대 주유소 등장
11,대기업 퇴직한 선배에게 주유소 취업 권한 까닭
12,1100원대 주유소도 등장..휘발유 값 32개월 만에 '최저'
13,"리터당 1100원대 주유소까지..휘발유 가격, 32개월만에 최저치"
14,"양수영 석유공사 사장 ""한국을 동북아 석유물류 중심지로"""
15,휘발유값 1348원 34개월만에 최저치..하락폭은 11주만에 최소
16,"휘발유 가격, 리터당 1348원..34개월 만에 최저치"
17,2월 첫째주 휘발유 평균가 0.7원 내린 1344.0원
18,휘발유 가격 15주째 하락..L당 1342.7원
19,휘발유·경유 가격 15주째 하락..당분간 비슷한 수준
20,휘발유 가격 32개월만에 최저치..1100원대 주유소 등장
21,대기업 퇴직한 선배에게 주유소 취업 권한 까닭
22,1100원대 주유소도 등장..휘발유 값 32개월 만에 '최저'
23,"리터당 1100원대 주유소까지..휘발유 가격, 32개월만에 최저치"
24,"양수영 석유공사 사장 ""한국을 동북아 석유물류 중심지로"""
25,휘발유값 1348원 34개월만에 최저치..하락폭은 11주만에 최소
26,"휘발유 가격, 리터당 1348원..34개월 만에 최저치"
27,2월 첫째주 휘발유 평균가 0.7원 내린 1344.0원
28,휘발유 가격 15주째 하락..L당 1342.7원
29,휘발유·경유 가격 15주째 하락..당분간 비슷한 수준
30,휘발유 가격 32개월만에 최저치..1100원대 주유소 등장
31,대기업 퇴직한 선배에게 주유소 취업 권한 까닭
32,1100원대 주유소도 등장..휘발유 값 32개월 만에 '최저'
33,"리터당 1100원대 주유소까지..휘발유 가격, 32개월만에 최저치"
34,"양수영 석유공사 사장 ""한국을 동북아 석유물류 중심지로"""
35,휘발유값 1348원 34개월만에 최저치..하락폭은 11주만에 최소
36,"휘발유 가격, 리터당 1348원..34개월 만에 최저치"
37,2월 첫째주 휘발유 평균가 0.7원 내린 1344.0원
38,휘발유 가격 15주째 하락..L당 1342.7원
39,휘발유·경유 가격 15주째 하락..당분간 비슷한 수준
40,휘발유 가격 32개월만에 최저치..1100원대 주유소 등장
41,대기업 퇴직한 선배에게 주유소 취업 권한 까닭
42,1100원대 주유소도 등장..휘발유 값 32개월 만에 '최저'
43,"리터당 1100원대 주유소까지..휘발유 가격, 32개월만에 최저치"
44,"양수영 석유공사 사장 ""한국을 동북아 석유물류 중심지로"""
45,휘발유값 1348원 34개월만에 최저치..하락폭은 11주만에 최소
46,"휘발유 가격, 리터당 1348원..34개월 만에 최저치"
47,2월 첫째주 휘발유 평균가 0.7원 내린 1344.0원
48,휘발유 가격 15주째 하락..L당 1342.7원
49,휘발유·경유 가격 15주째 하락..당분간 비슷한 수준
50,휘발유 가격 32개월만에 최저치..1100원대 주유소 등장
51,대기업 퇴직한 선배에게 주유소 취업 권한 까닭
52,1100원대 주유소도 등장..휘발유 값 32개월 만에 '최저'
53,"리터당 1100원대 주유소까지..휘발유 가격, 32개월만에 최저치"
54,"양수영 석유공사 사장 ""한국을 동북아 석유물류 중심지로"""
55,휘발유값 1348원 34개월만에 최저치..하락폭은 11주만에 최소
56,"휘발유 가격, 리터당 1348원..34개월 만에 최저치"
57,2월 첫째주 휘발유 평균가 0.7원 내린 1344.0원
58,휘발유 가격 15주째 하락..L당 1342.7원
59,휘발유·경유 가격 15주째 하락..당분간 비슷한 수준
60,휘발유 가격 32개월만에 최저치..1100원대 주유소 등장
61,대기업 퇴직한 선배에게 주유소 취업 권한 까닭
62,1100원대 주유소도 등장..휘발유 값 32개월 만에 '최저'
63,"리터당 1100원대 주유소까지..휘발유 가격, 32개월만에 최저치"
64,"양수영 석유공사 사장 ""한국을 동북아 석유물류 중심지로"""
65,휘발유값 1348원 34개월만에 최저치..하락폭은 11주만에 최소
66,"휘발유 가격, 리터당 1348원..34개월 만에 최저치"
67,2월 첫째주 휘발유 평균가 0.7원 내린 1344.0원
68,휘발유 가격 15주째 하락..L당 1342.7원
69,휘발유·경유 가격 15주째 하락..당분간 비슷한 수준
70,휘발유 가격 32개월만에 최저치..1100원대 주유소 등장
71,대기업 퇴직한 선배에게 주유소 취업 권한 까닭
72,1100원대 주유소도 등장..휘발유 값 32개월 만에 '최저'
73,"리터당 1100원대 주유소까지..휘발유 가격, 32개월만에 최저치"
74,"양수영 석유공사 사장 ""한국을 동북아 석유물류 중심지로"""
75,휘발유값 1348원 34개월만에 최저치..하락폭은 11주만에 최소
76,"휘발유 가격, 리터당 1348원..34개월 만에 최저치"
77,2월 첫째주 휘발유 평균가 0.7원 내린 1344.0원
78,휘발유 가격 15주째 하락..L당 1342.7원
79,휘발유·경유 가격 15주째 하락..당분간 비슷한 수준
80,휘발유 가격 32개월만에 최저치..1100원대 주유소 등장
81,대기업 퇴직한 선배에게 주유소 취업 권한 까닭
82,1100원대 주유소도 등장..휘발유 값 32개월 만에 '최저'
83,"리터당 1100원대 주유소까지..휘발유 가격, 32개월만에 최저치"
84,"양수영 석유공사 사장 ""한국을 동북아 석유물류 중심지로"""
85,휘발유값 1348원 34개월만에 최저치..하락폭은 11주만에 최소
86,"휘발유 가격, 리터당 1348원..34개월 만에 최저치"
87,2월 첫째주 휘발유 평균가 0.7원 내린 1344.0원
88,휘발유 가격 15주째 하락..L당 1342.7원
89,휘발유·경유 가격 15주째 하락..당분간 비슷한 수준
90,휘발유 가격 32개월만에 최저치..1100원대 주유소 등장
91,대기업 퇴직한 선배에게 주유소 취업 권한 까닭
92,1100원대 주유소도 등장..휘발유 값 32개월 만에 '최저'
93,"리터당 1100원대 주유소까지..휘발유 가격, 32개월만에 최저치"
94,"양수영 석유공사 사장 ""한국을 동북아 석유물류 중심지로"""
95,휘발유값 1348원 34개월만에 최저치..하락폭은 11주만에 최소
96,"휘발유 가격, 리터당 1348원..34개월 만에 최저치"
97,2월 첫째주 휘발유 평균가 0.7원 내린 1344.0원
98,휘발유 가격 15주째 하락..L당 1342.7원
99,휘발유·경유 가격 15주째 하락..당분간 비슷한 수준
100,휘발유 가격 32개월만에 최저치..1100원대 주유소 등장
101,대기업 퇴직한 선배에게 주유소 취업 권한 까닭
102,1100원대 주유소도 등장..휘발유 값 32개월 만에 '최저'
103,"리터당 1100원대 주유소까지..휘발유 가격, 32개월만에 최저치"
104,"양수영 석유공사 사장 ""한국을 동북아 석유물류 중심지로"""
105,휘발유값 1348원 34개월만에 최저치..하락폭은 11주만에 최소
106,"휘발유 가격, 리터당 1348원..34개월 만에 최저치"
107,2월 첫째주 휘발유 평균가 0.7원 내린 1344.0원
108,휘발유 가격 15주째 하락..L당 1342.7원
109,휘발유·경유 가격 15주째 하락..당분간 비슷한 수준
110,휘발유 가격 32개월만에 최저치..1100원대 주유소 등장
111,대기업 퇴직한 선배에게 주유소 취업 권한 까닭
112,1100원대 주유소도 등장..휘발유 값 32개월 만에 '최저'
113,"리터당 1100원대 주유소까지..휘발유 가격, 32개월만에 최저치"
114,"양수영 석유공사 사장 ""한국을 동북아 석유물류 중심지로"""
115,휘발유값 1348원 34개월만에 최저치..하락폭은 11주만에 최소
116,"휘발유 가격, 리터당 1348원..34개월 만에 최저치"
117,2월 첫째주 휘발유 평균가 0.7원 내린 1344.0원
118,휘발유 가격 15주째 하락..L당 1342.7원
119,휘발유·경유 가격 15주째 하락..당분간 비슷한 수준
120,휘발유 가격 32개월만에 최저치..1100원대 주유소 등장
121,대기업 퇴직한 선배에게 주유소 취업 권한 까닭
122,1100원대 주유소도 등장..휘발유 값 32개월 만에 '최저'
123,"리터당 1100원대 주유소까지..휘발유 가격, 32개월만에 최저치"
124,"양수영 석유공사 사장 ""한국을 동북아 석유물류 중심지로"""
125,휘발유값 1348원 34개월만에 최저치..하락폭은 11주만에 최소
126,"휘발유 가격, 리터당 1348원..34개월 만에 최저치"
127,2월 첫째주 휘발유 평균가 0.7원 내린 1344.0원
128,휘발유 가격 15주째 하락..L당 1342.7원
129,휘발유·경유 가격 15주째 하락..당분간 비슷한 수준
130,휘발유 가격 32개월만에 최저치..1100원대 주유소 등장
131,대기업 퇴직한 선배에게 주유소 취업 권한 까닭
132,1100원대 주유소도 등장..휘발유 값 32개월 만에 '최저'
133,"리터당 1100원대 주유소까지..휘발유 가격, 32개월만에 최저치"
134,"양수영 석유공사 사장 ""한국을 동북아 석유물류 중심지로"""
135,휘발유값 1348원 34개월만에 최저치..하락폭은 11주만에 최소
136,"휘발유 가격, 리터당 1348원..34개월 만에 최저치"
137,2월 첫째주 휘발유 평균가 0.7원 내린 1344.0원
138,휘발유 가격 15주째 하락..L당 1342.7원
139,휘발유·경유 가격 15주째 하락..당분간 비슷한 수준
140,휘발유 가격 32개월만에 최저치..1100원대 주유소 등장
141,대기업 퇴직한 선배에게 주유소 취업 권한 까닭
142,1100원대 주유소도 등장..휘발유 값 32개월 만에 '최저'
143,"리터당 1100원대 주유소까지..휘발유 가격, 32개월만에 최저치"
144,"양수영 석유공사 사장 ""한국을 동북아 석유물류 중심지로"""
145,휘발유값 1348원 34개월만에 최저치..하락폭은 11주만에 최소
146,"휘발유 가격, 리터당 1348원..34개월 만에 최저치"
147,2월 첫째주 휘발유 평균가 0.7원 내린 1344.0원
148,휘발유 가격 15주째 하락..L당 1342.7원
149,휘발유·경유 가격 15주째 하락..당분간 비슷한 수준
150,휘발유 가격 32개월만에 최저치..1100원대 주유소 등장
151,대기업 퇴직한 선배에게 주유소 취업 권한 까닭
152,1100원대 주유소도 등장..휘발유 값 32개월 만에 '최저'
153,"리터당 1100원대 주유소까지..휘발유 가격, 32개월만에 최저치"
154,"양수영 석유공사 사장 ""한국을 동북아 석유물류 중심지로"""
155,휘발유값 1348원 34개월만에 최저치..하락폭은 11주만에 최소
156,"휘발유 가격, 리터당 1348원..34개월 만에 최저치"
157,2월 첫째주 휘발유 평균가 0.7원 내린 1344.0원
158,휘발유 가격 15주째 하락..L당 1342.7원
159,휘발유·경유 가격 15주째 하락..당분간 비슷한 수준
160,휘발유 가격 32개월만에 최저치..1100원대 주유소 등장
161,대기업 퇴직한 선배에게 주유소 취업 권한 까닭
162,1100원대 주유소도 등장..휘발유 값 32개월 만에 '최저'
163,"리터당 1100원대 주유소까지..휘발유 가격, 32개월만에 최저치"
164,"양수영 석유공사 사장 ""한국을 동북아 석유물류 중심지로"""
165,휘발유값 1348원 34개월만에 최저치..하락폭은 11주만에 최소
166,"휘발유 가격, 리터당 1348원..34개월 만에 최저치"
167,2월 첫째주 휘발유 평균가 0.7원 내린 1344.0원
168,휘발유 가격 15주째 하락..L당 1342.7원
169,휘발유·경유 가격 15주째 하락..당분간 비슷한 수준
170,휘발유 가격 32개월만에 최저치..1100원대 주유소 등장
171,대기업 퇴직한 선배에게 주유소 취업 권한 까닭
172,1100원대 주유소도 등장..휘발유 값 32개월 만에 '최저'
173,"리터당 1100원대 주유소까지..휘발유 가격, 32개월만에 최저치"
174,"양수영 석유공사 사장 ""한국을 동북아 석유물류 중심지로"""
175,휘발유값 1348원 34개월만에 최저치..하락폭은 11주만에 최소
176,"휘발유 가격, 리터당 1348원..34개월 만에 최저치"
177,2월 첫째주 휘발유 평균가 0.7원 내린 1344.0원
178,휘발유 가격 15주째 하락..L당 1342.7원
179,휘발유·경유 가격 15주째 하락..당분간 비슷한 수준
180,휘발유 가격 32개월만에 최저치..1100원대 주유소 등장
181,대기업 퇴직한 선배에게 주유소 취업 권한 까닭
182,1100원대 주유소도 등장..휘발유 값 32개월 만에 '최저'
183,"리터당 1100원대 주유소까지..휘발유 가격, 32개월만에 최저치"
184,"양수영 석유공사 사장 ""한국을 동북아 석유물류 중심지로"""
185,휘발유값 1348원 34개월만에 최저치..하락폭은 11주만에 최소
186,"휘발유 가격, 리터당 1348원..34개월 만에 최저치"
187,2월 첫째주 휘발유 평균가 0.7원 내린 1344.0원
188,휘발유 가격 15주째 하락..L당 1342.7원
189,휘발유·경유 가격 15주째 하락..당분간 비슷한 수준
190,휘발유 가격 32개월만에 최저치..1100원대 주유소 등장
191,대기업 퇴직한 선배에게 주유소 취업 권한 까닭
192,1100원대 주유소도 등장..휘발유 값 32개월 만에 '최저'
193,"리터당 1100원대 주유소까지..휘발유 가격, 32개월만에 최저치"
194,"양수영 석유공사 사장 ""한국을 동북아 석유물류 중심지로"""
195,휘발유값 1348원 34개월만에 최저치..하락폭은 11주만에 최소
196,"휘발유 가격, 리터당 1348원..34개월 만에 최저치"
197,2월 첫째주 휘발유 평균가 0.7원 내린 1344.0원
198,휘발유 가격 15주째 하락..L당 1342.7원
199,휘발유·경유 가격 15주째 하락..당분간 비슷한 수준
200,휘발유 가격 32개월만에 최저치..1100원대 주유소 등장
201,대기업 퇴직한 선배에게 주유소 취업 권한 까닭
202,1100원대 주유소도 등장..휘발유 값 32개월 만에 '최저'
203,"리터당 1100원대 주유소까지..휘발유 가격, 32개월만에 최저치"
204,"양수영 석유공사 사장 ""한국을 동북아 석유물류 중심지로"""
205,휘발유값 1348원 34개월만에 최저치..하락폭은 11주만에 최소
206,"휘발유 가격, 리터당 1348원..34개월 만에 최저치"
207,2월 첫째주 휘발유 평균가 0.7원 내린 1344.0원
208,휘발유 가격 15주째 하락..L당 1342.7원
209,휘발유·경유 가격 15주째 하락..당분간 비슷한 수준
210,휘발유 가격 32개월만에 최저치..1100원대 주유소 등장
211,대기업 퇴직한 선배에게 주유소 취업 권한 까닭
212,1100원대 주유소도 등장..휘발유 값 32개월 만에 '최저'
213,"리터당 1100원대 주유소까지..휘발유 가격, 32개월만에 최저치"
214,"양수영 석유공사 사장 ""한국을 동북아 석유물류 중심지로"""
215,휘발유값 1348원 34개월만에 최저치..하락폭은 11주만에 최소
216,"휘발유 가격, 리터당 1348원..34개월 만에 최저치"
217,2월 첫째주 휘발유 평균가 0.7원 내린 1344.0원
218,휘발유 가격 15주째 하락..L당 1342.7원
219,휘발유·경유 가격 15주째 하락..당분간 비슷한 수준
220,휘발유 가격 32개월만에 최저치..1100원대 주유소 등장
221,대기업 퇴직한 선배에게 주유소 취업 권한 까닭
222,1100원대 주유소도 등장..휘발유 값 32개월 만에 '최저'
223,"리터당 1100원대 주유소까지..휘발유 가격, 32개월만에 최저치"
224,"양수영 석유공사 사장 ""한국을 동북아 석유물류 중심지로"""
225,휘발유값 1348원 34개월만에 최저치..하락폭은 11주만에 최소
226,"휘발유 가격, 리터당 1348원..34개월 만에 최저치"
227,2월 첫째주 휘발유 평균가 0.7원 내린 1344.0원
228,휘발유 가격 15주째 하락..L당 1342.7원
229,휘발유·경유 가격 15주째 하락..당분간 비슷한 수준
230,휘발유 가격 32개월만에 최저치..1100원대 주유소 등장
231,대기업 퇴직한 선배에게 주유소 취업 권한 까닭
232,1100원대 주유소도 등장..휘발유 값 32개월 만에 '최저'
233,"리터당 1100원대 주유소까지..휘발유 가격, 32개월만에 최저치"
234,"양수영 석유공사 사장 ""한국을 동북아 석유물류 중심지로"""
235,휘발유값 1348원 34개월만에 최저치..하락폭은 11주만에 최소
236,"휘발유 가격, 리터당 1348원..34개월 만에 최저치"
237,2월 첫째주 휘발유 평균가 0.7원 내린 1344.0원
238,휘발유 가격 15주째 하락..L당 1342.7원
239,휘발유·경유 가격 15주째 하락..당분간 비슷한 수준
