,store,address,phone,address2,Latitude,Longitude
0,학동역 DT점,서울시 강남구 학동로 211 1층,02-3444-9973,서울시 강남구 학동로 211 1층,37.5146474,127.0320468
1,수서점,서울시 강남구 광평로 280 수서동 724호,02-3412-2326,서울시 강남구 광평로 280 수서동 724호,37.4872829,127.1031088
2,차병원점,서울시 강남구 논현로 566 강남차병원1층,02-538-7615,서울시 강남구 논현로 566 강남차병원1층,37.4848012,127.0418318
3,강남대로점,서울시 서초구 강남대로 369 1층,02-588-5778,서울시 서초구 강남대로 369 1층,37.4956154,127.0282032
4,메가박스점,서울 강남구 삼성동 159 코엑스몰 지하2층,02-6002-3320,서울시 강남구 삼성동 159 코엑스몰 지하2층,37.5101935,127.0585824
5,압구정에스점,서울시 강남구 압구정로 46길 3,02-541-5832,서울시 강남구 압구정로 46길 3,37.5282487,127.0368966
6,강남에스점,서울시 서초구 서초 1306-3호,02-593-5095,서울시 서초구 서초 1306-3호,37.49184,127.007688
7,청담에스점,"서울시 강남구 압구정로 461 네이처포엠빌딩B108,109호  ",02-548-6052,"서울시 강남구 압구정로 461 네이처포엠빌딩B108,109호",37.5252633,127.0471584
8,신사점,서울시 강남구 도산대로 126,02-548-2741,서울시 강남구 도산대로 126,37.5169242,127.0223976
9,압구정역점,서울시 강남구 논현로 842 압구정빌딩1층,02-544-6823,서울시 강남구 논현로 842 압구정빌딩1층,37.5240001,127.0287323
10,역삼점,"서울시 강남구 논현로 512  지상1,2층  ",02-569-8051,"서울시 강남구 논현로 512 지상1,2층",37.5022999,127.0365096
11,양재스포타임점,서울시 서초구 강남대로 213 24호 지하1층,02-578-6833,서울시 서초구 강남대로 213 24호 지하1층,37.482717,127.0349215
12,청담성당점,서울시 강남구 삼성로 716 LEE76빌딩2층,02-542-2053,서울시 강남구 삼성로 716 LEE76빌딩2층,37.5028496,127.0591301
13,영동점,서울 서초구 반포동 736-17 P빌딩 2층,02-3443-2096,서울시 서초구 반포동 736-17 P빌딩 2층,37.5068042,127.0227988
14,도곡점,"서울시 강남구 언주로 30길 10,112 현대비젼21 112호  ",02-572-2781,"서울시 강남구 언주로 30길 10,112 현대비젼21 112호",37.4881509,127.0528748
15,영동고앞점,"서울시 강남구 선릉로 749 1,2층  ",02-544-3794,"서울시 강남구 선릉로 749 1,2층",37.5214441,127.0394571
16,공항터미널앞점,서울시 강남구 테헤란로 87길 17 1층,02-539-5174,서울시 강남구 테헤란로 87길 17 1층,37.5086688,127.0583335
17,교대점,서울시 서초구 서초중앙로 118  1층,02-585-3981,서울시 서초구 서초중앙로 118 1층,37.4923513,127.0142164
18,대치한티점,서울시 강남구 선릉로 64길 23 1층,02-557-0510,서울시 강남구 선릉로 64길 23 1층,37.4982571,127.0541565
19,압구정시티점,"서울시 강남구 도산대로49길 13 1층 17,18호  ",02-543-5922,"서울시 강남구 도산대로49길 13 1층 17,18호",37.5236973,127.0369789
20,압구정로데오점,서울시 강남구 선릉로 157길 12 석전빌딩 1~4층,02-3445-5093,서울시 강남구 선릉로 157길 12 석전빌딩 1~4층,37.5260686,127.0390203
21,서초우성점,서울시 서초구 강남대로 51길 1 511 TOWER  1층,02-582-0158,서울시 서초구 강남대로 51길 1 511 TOWER 1층,37.4912666,127.0302496
22,논현팍스타워점,서울시 강남구 논현 231-13호 팍스타워지하1층,02-513-3870,서울시 강남구 논현 231-13호 팍스타워지하1층,37.5100034,127.0365611
23,삼성오크우드점,서울 강남구 영동대로 513 컨벤션별관A동 지하 2층,02-3466-8507,서울시 강남구 영동대로 513 컨벤션별관A동 지하 2층,37.5095948,127.0594292
24,트레이드타워점,서울시 강남구 영동대로 511 트레이드타워 지하1층,02-6002-6470,서울시 강남구 영동대로 511 트레이드타워 지하1층,37.5103238,127.0610228
25,삼성봉은사거리점,"서울시 강남구 영동대로 607 1,2층  ",02-3443-5618,"서울시 강남구 영동대로 607 1,2층",37.5145239,127.0594748
26,대치포스코뒷점,서울시 강남구 삼성로 85길 11 롯데캐슬아파트생활편익시설동,02-3453-8077,서울시 강남구 삼성로 85길 11 롯데캐슬아파트생활편익시설동,37.5046812,127.056471
27,반포엘루체점,서울시 서초구 신반포로 23 1141호 엘루체백화점내1층1013~1015호,02-3477-5571,서울시 서초구 신반포로 23 1141호 엘루체백화점내1층1013~1015호,37.5017064,126.9872169
28,잠실신천점,서울시 송파구 석촌호수로 118 1층,02-416-9520,서울시 송파구 석촌호수로 118 1층,37.5073916,127.0900171
29,서초지파이브점,"서울시 서초구 서초동 1685-8호 101~2호,113~4호,121호  ",02-3477-5580,"서울시 서초구 서초동 1685-8호 101~2호,113~4호,121호",37.4954141,127.0164028
30,논현동수면센터점,서울시 강남구 논현로 717 1층,02-3443-5575,서울시 강남구 논현로 717 1층,37.5159215,127.0295236
31,삼성전자강남사옥점,서울시 서초구 서초대로74길 11 지하2층,02-2055-1142,서울시 서초구 서초대로74길 11 지하2층,37.4966085,127.0269023
32,삼성생명강남사옥점,서울시 서초구 서초대로74길 4 삼성생명보험서초타워내지하1층,02-581-5562,서울시 서초구 서초대로74길 4 삼성생명보험서초타워내지하1층,37.4967103,127.0256999
33,방배카페골목점,서울특별시 서초구 방배중앙로 187,02-592-7794,서울시 서초구 방배중앙로 187,37.4956811,126.9855319
34,역삼포스틸타워뒷점,서울시 강남구 테헤란로 20길 10 쓰리엠타워1층,02-554-9962,서울시 강남구 테헤란로 20길 10 쓰리엠타워1층,37.4990484,127.0341289
35,테헤란로하이닉스뒷점,서울시 강남구 테헤란로 70길 12 1층,02-538-9927,서울시 강남구 테헤란로 70길 12 1층,37.5047023,127.0531444
36,방배역점,"서울시 서초구 효령로 117  3,4층  ",02-521-4562,"서울시 서초구 효령로 117 3,4층",37.4814265,126.9969295
37,삼성봉은사로점,서울시 강남구 봉은사로 628 엘슨빌딩1층,02-538-4523,서울시 강남구 봉은사로 628 엘슨빌딩1층,37.5146313,127.0641497
38,방이점,서울시 송파구 오금로 11길 7,02-415-5561,서울시 송파구 오금로 11길 7,37.5145269,127.1079524
39,매봉역점,서울시 강남구 논현로 38길 42 418호,02-529-9947,서울시 강남구 논현로 38길 42 418호,37.4855358,127.0450506
40,남부터미널역점,서울시 서초구 서초중앙로 43 로얄타워1층,02-523-3671,서울시 서초구 서초중앙로 43 로얄타워1층,37.4854929,127.0155582
41,강남역랭기지타워점,서울시 강남구 테헤란로4길 28 826-28호 1층,02-563-3655,서울시 강남구 테헤란로4길 28 826-28호 1층,37.4964994,127.0300724
42,도심공항타워점,서울시 강남구 테헤란로87길 36 공항타워 1층,02-2016-5330,서울시 강남구 테헤란로87길 36 공항타워 1층,37.5102556,127.058472
43,청담카페점,"서울시 강남구 도산대로 67길 7,파크빌딩 1층  ",02-514-5622,"서울시 강남구 도산대로 67길 7,파크빌딩 1층",37.5244596,127.0444132
44,동부이촌동점,서울시 용산구 이촌로 303 현대아파트상가11동102호,02-792-3677,서울시 용산구 이촌로 303 현대아파트상가11동102호,37.5185268,126.9806796
45,광화문점,서울 종로구 서린동 136 센트리얼빌딩 1층,02-3210-2326,서울시 종로구 서린동 136 센트리얼빌딩 1층,37.5697729,126.9788485
46,대학로점,서울시 종로구 대학로 10길 5 1-60호,02-762-3146,서울시 종로구 대학로 10길 5 1-60호,37.5818197,127.0025595
47,경희궁의아침점,서울시 종로구 새문안로3길 23 경희궁아침상가4단지105외,02-730-8896,서울시 종로구 새문안로3길 23 경희궁아침상가4단지105외,37.5722444,126.9722071
48,홍대역점,서울시 마포구 홍익로 6길 26,02-333-4278,서울시 마포구 홍익로 6길 26,37.5554353,126.9232406
49,순화점,서울시 중구 순화202  1-94 프레이저플레이스레지던스1층,02-2220-8198,서울시 중구 순화202 1-94 프레이저플레이스레지던스1층,37.563104,126.969074
50,종로관철동점,"서울시 종로구 청계천로 83 11-4호 지하1,지상1~3층  ",02-738-5333,"서울시 종로구 청계천로 83 11-4호 지하1,지상1~3층",37.5684458,126.9867135
51,소공동삼화빌딩점,서울 중구 남대문로7길 16 한컴빌딩 1층,02-753-8004,서울시 중구 남대문로7길 16 한컴빌딩 1층,37.5641199,126.9811544
52,강변테크노마트점,서울시 광진구 광나루로56길 85 테크노마트9층35호,02-3424-5480,서울시 광진구 광나루로56길 85 테크노마트9층35호,37.5349372,127.0957088
53,외대앞점,서울시 동대문구 이문로 106 1~3층,02-959-7750,서울시 동대문구 이문로 106 1~3층,37.5960309,127.0602028
54,고대안암역점,서울시 성북구 개운사길8 101-3 1층,02-953-6652,서울시 성북구 개운사길8 101-3 1층,37.5868192,127.0295425
55,순화동라마다호텔점,서울시 중구 칠패로 27 151호,02-3789-3347,서울시 중구 칠패로 27 151호,37.560174,126.9720786
56,왕십리민자역사점,서울시 성동구 왕십리 광장로 17 왕십리민자역사ENTER6내1층,02-2200-6120,서울시 성동구 왕십리 광장로 17 왕십리민자역사ENTER6내1층,37.5621482,127.0379421
57,신촌역앞점,"서울시 서대문구 신촌역로 20  27-27,16,65,61호  ",02-312-5568,"서울시 서대문구 신촌역로 20 27-27,16,65,61호",37.5583398,126.9431336
58,세종문화회관옆점,서울 종로구 새문안로 9길 25 1층,02-720-5561,서울시 종로구 새문안로 9길 25 1층,37.5713114,126.9754688
59,신촌점,서울시 서대문구 창천 18-26호 B1,02-363-5572,서울시 서대문구 창천 18-26호 B1,37.5054942,127.006719
60,건대스타시티점,서울시 광진구 자양동 227-342호 롯데백화점 옆 더클래식500건물 1층,02-444-9861,서울시 광진구 자양동 227-342호 롯데백화점 옆 더클래식500건물 1층,37.5387765,127.0710831
61,하나은행경복궁역점,"서울시 종로구 사직로 130,1 현대적선빌딩1층  ",02-733-5108,"서울시 종로구 사직로 130,1 현대적선빌딩1층",37.5753274,126.973307
62,중계동은행사거리점,서울시 노원구 한글비석로 263 1층,02-931-3055,서울시 노원구 한글비석로 263 1층,37.6511746,127.0764616
63,서울스퀘어점,서울시 중구 한강대로 416 지하1층,02-6456-8907,서울시 중구 한강대로 416 지하1층,37.5554652,126.9737482
64,목동점,서울시 양천구 목동동로 293 현대41타워1층,02-2654-5981,서울시 양천구 목동동로 293 현대41타워1층,37.5281164,126.8758458
65,여의도34번지점,서울 영등포구 국제금융로 52 심팩빌딩 1층,02-783-2043,서울시 영등포구 국제금융로 52 심팩빌딩 1층,37.5226863,126.9294912
66,여의도교보증권점,서울시 영등포구 의사당대로 97 26-4 교보증권빌딩1층,02-783-6058,서울시 영등포구 의사당대로 97 26-4 교보증권빌딩1층,37.5224837,126.9246149
67,시흥홈플러스점,서울시 금천구 시흥대로 201 1층,02-803-9994,서울시 금천구 시흥대로 201 1층,37.4519767,126.900714
68,여의도순복음교회옆점,서울시 영등포구 여의서로 43 한서리버파크2층,02-780-7758,서울시 영등포구 여의서로 43 한서리버파크2층,,
69,부산광복동점,부산광역시 중구 창선동 2가 8-2,051-243-9105,부산광역시 중구 창선동 2가 8-2,35.0994661,129.0290155
70,인천구월동점,"인천광역시 남동구 예술로 138 지상1,2층  ",032-421-3418,"인천광역시 남동구 예술로 138 지상1,2층",37.4462001,126.7009972
71,대전탄방동점,대전시 서구 문정로76 1층,042-471-9805,대전광역시 서구 문정로76 1층,36.3463925,127.3876848
72,일산라페스타점,경기도 고양시 일산동구 장항동 764 라페스타C동,031-907-2326,경기도 고양시 일산동구 장항동 764 라페스타C동,37.6615162,126.7685826
73,일산웨스턴돔1호점,경기도 고양시 일산동구 정발산로 24 I동103~203호,031-931-5573,경기도 고양시 일산동구 정발산로 24 I동103~203호,37.6557011,126.7719572
74,분당서현점,"경기도 성남시 분당구 분당로53번길 11 1층2,3호  ",031-705-8926,"경기도 성남시 분당구 분당로53번길 11 1층2,3호",37.3840305,127.1215414
75,분당플라자점,경기도 성남시 분당구 황새울로 326 서현빌딩상가내2층,031-705-3188,경기도 성남시 분당구 황새울로 326 서현빌딩상가내2층,37.3850952,127.1218565
76,분당차병원점,"경기도 성남시 분당구 야탑로65번길 16, 분당차병원 신관동 1층 101호(야탑동)  ",031-781-0471,"경기도 성남시 분당구 야탑로65번길 16, 분당차병원 신관동 1층 101호(야탑동)",37.4109829,127.1263496
77,분당수내점,경기도 성남시 분당구 황새울로 214번길8 MSPlaza내1층,031-713-9937,경기도 성남시 분당구 황새울로 214번길8 MSPlaza내1층,37.3781018,127.1122975
78,동탄라마다호텔점,경기도 화성시 노작로 199 동탄라마다호텔107호~111호,031-8003-8374,경기도 화성시 노작로 199 동탄라마다호텔107호~111호,37.2058064,127.0746707
79,일산킨텍스현대백화점점,경기도 고양시 일산서구 대화동 2602 현대백화점킨텍스점 5F,031-822-3575,경기도 고양시 일산서구 대화동 2602 현대백화점킨텍스점 5F,37.667941,126.751797
80,창원상남동점,경남 창원시 성산구 중앙대로 104 마이우스오피스텔 123호 207호,055-211-0737,경상남도 창원시 성산구 중앙대로 104 마이우스오피스텔 123호 207호,35.2234576,128.6808054
81,청주점,충북 청주시 상당구 상당로69번길20 2~4층,043-221-2373,충청북도 청주시 상당구 상당로69번길20 2~4층,36.6345055,127.4892904
82,고대세종캠퍼스점,세종특별자치시 세종로 2511 고대세종캠퍼스호연학사4관1층,044-862-5144,세종특별자치시 세종로 2511 고대세종캠퍼스호연학사4관1층,36.6093252,127.2898829
83,청주지웰시티점,"충북 청주시 흥덕구 대농로 17 지웰시티몰 1층 124-1,125,126호  ",043-238-3151,"충청북도 청주시 흥덕구 대농로 17 지웰시티몰 1층 124-1,125,126호",36.6440331,127.4248313
84,무교CBTL점,서울 중구 세종대로 136 파이낸스빌딩,070-4140-7003,서울시 중구 세종대로 136 파이낸스빌딩,37.5683731,126.9782699
85,국기원사거리점,서울시 강남구 테헤란로 8길 42 1층,02-552-7106,서울시 강남구 테헤란로 8길 42 1층,37.4960888,127.0320874
86,무교점,"서울시 중구 태평로1 84호 SFC빌딩B1,1-4  ",02-753-2374,"서울시 중구 태평로1 84호 SFC빌딩B1,1-4",37.5683689,126.97779
87,남대문점,서울시 중구 후암로110 581호 서울시티타워1층,02-777-4217,서울시 중구 후암로110 581호 서울시티타워1층,37.5542316,126.9740458
88,올림픽플라자점,서울시 송파구 양재대로 1222 올림픽선수A 1층212~3호,02-402-3571,서울시 송파구 양재대로 1222 올림픽선수A 1층212~3호,37.5157197,127.1322328
89,대학로마로니에점,"서울시 종로구 대학로 12길 62 지하1층,지상1,2층  ",02-742-3318,"서울시 종로구 대학로 12길 62 지하1층,지상1,2층",37.5813717,127.0037067
90,여의도역점,서울시 영등포구 의사당대로 108 아일렉스상가 1층 101호,02-784-5531,서울시 영등포구 의사당대로 108 아일렉스상가 1층 101호,37.5210236,126.9240116
91,인사점,서울시 종로구 낙원동 272 오라카이스위츠 1층,02-6262-8100,서울시 종로구 낙원동 272 오라카이스위츠 1층,37.5729617,126.9873316
92,테헤란로비젼타워점,서울시 강남구 테헤란로 312 707-2번지1층,02-558-7101,서울시 강남구 테헤란로 312 707-2번지1층,37.5029016,127.0450341
93,서울대입구역점,"서울시 관악구 관악로 161 층일부 2,3층  ",02-882-3101,"서울시 관악구 관악로 161 층일부 2,3층",37.4795693,126.9521709
94,코엑스인터점,서울시 강남구 봉은사로 524 코엑스 인터컨티넨탈아케이드,02-569-3103,서울시 강남구 봉은사로 524 코엑스 인터컨티넨탈아케이드,37.5126188,127.0574169
95,뉴압구정점,서울시 강남구 논현로 167길 9 낙산프라자 1층,02-545-3181,서울시 강남구 논현로 167길 9 낙산프라자 1층,37.5243848,127.0274138
96,디큐브시티점,서울시 구로구 경인로 662 디큐브시티 4층,02-2210-9484,서울시 구로구 경인로 662 디큐브시티 4층,37.5084321,126.8887332
97,삼청동점,서울시 종로구 삼청로 109,02-730-5177,서울시 종로구 삼청로 109,37.5851049,126.9817731
98,충무로극동빌딩점,서울시 중구 퇴계로 173 남산스퀘어 1층,02-2273-3181,서울시 중구 퇴계로 173 남산스퀘어 1층,37.5618134,126.9910239
99,현대자동차여의도점,서울시 영등포구 국제금융로 20 1층,02-783-3391,서울시 영등포구 국제금융로 20 1층,37.5248486,126.9272848
100,포스코사거리점,서울시 강남구 테헤란로 439,02-508-7522,서울시 강남구 테헤란로 439,37.5067919,127.0551742
101,선릉로93길점,서울시 강남구 선릉로93길 6(역삼동) 1층,02-552-3177,서울시 강남구 선릉로93길 6(역삼동) 1층,37.5056485,127.0478855
102,강남역먹자골목점,서울시 강남구 테헤란로1길 29 1층일부 및 2.3층,02-552-6311,서울시 강남구 테헤란로1길 29 1층일부 및 2.3층,37.5000716,127.0272724
103,삼성로점,"서울시 강남구 삼성로 551 1층,2층  ",02-552-9311,"서울시 강남구 삼성로 551 1층,2층",37.5106656,127.0540543
104,선릉로86길점,서울시 강남구 선릉로86길 11,02-2051-8875,서울시 강남구 선릉로86길 11,37.5033662,127.0505735
105,안국역점,"서울시 종로구 율곡로 47 1,2층  ",02-722-3356,"서울시 종로구 율곡로 47 1,2층",37.5762989,126.9845773
106,뉴교보타워옆점,"서울시 서초구 강남대로 449-3 알고코리아빌딩 1,2층  ",02-591-5177,"서울시 서초구 강남대로 449-3 알고코리아빌딩 1,2층",37.5023213,127.0248557
107,IFC MALL2호점,서울시 영등포구 국제금융로10 IFC B2층,02-6137-5054,서울시 영등포구 국제금융로10 IFC B2층,37.5251644,126.9255491
108,상암SBS미디어센터점,서울시 마포구 상암산로 82 SBS프리즘타워 1층,02-2039-9027,서울시 마포구 상암산로 82 SBS프리즘타워 1층,37.579683,126.8927292
109,마리오아울렛점,서울시 금천구 디지털로9길 23 마리오-2관 패션타워3층,02-857-5501,서울시 금천구 디지털로9길 23 마리오-2관 패션타워3층,37.4786713,126.8864968
110,삼성금융플라자점,서울 강남구 테헤란로 419 삼성금융플라자1층,02-554-7591,서울시 강남구 테헤란로 419 삼성금융플라자1층,37.5058415,127.0521663
111,현대자동차남양연구소점,경기도 화성시 장덕동 현대연구소로150 현대자동차남양연구소 설계1동1F,031-357-8103,경기도 화성시 장덕동 현대연구소로150 현대자동차남양연구소 설계1동1F,37.159415,126.818941
112,이태원점,서울시 용산구 이태원로 189,02-794-3361,서울시 용산구 이태원로 189,37.5347979,126.9948879
113,뉴가로수길점,서울시 강남구 가로수길 83,02-544-7105,서울시 강남구 가로수길 83,37.524609,127.022951
114,서초뱅뱅사거리점,"서울시 서초구 강남대로 267 2,3층  ",02-523-8841,"서울시 서초구 강남대로 267 2,3층",37.4871262,127.0323206
115,현대자동차성내점,"서울시 강동구 천호대로 1096 1,2F  ",02-485-3361,"서울시 강동구 천호대로 1096 1,2F",37.5351932,127.1332123
116,수원인계점,경기도 수원시 팔달구 권광로 195 학산빌딩1층,031-233-5631,경기도 수원시 팔달구 권광로 195 학산빌딩1층,37.264878,127.032639
117,판교아브뉴프랑점,경기도 성남시 분당구 동판교로177번길 25,031-8016-8131,경기도 성남시 분당구 동판교로177번길 25,37.3979171,127.1151675
118,일산원마운트점,경기도 고양시 일산서구 한류월드로 300 원마운트스포츠몰 1층,031-961-6520,경기도 고양시 일산서구 한류월드로 300 원마운트스포츠몰 1층,37.6678113,126.7443811
119,남양연구소C1식당점,경기 화성시 장덕동 현대연구소로150 현대자동차남양연구소 C1구역식당1F,031-357-8172,경기도 화성시 장덕동 현대연구소로150 현대자동차남양연구소 C1구역식당1F,37.159415,126.818941
120,여의도교보증권카페점,서울시 영등포구 의사당대로 97 교보증권빌딩 2층,02-785-8845,서울시 영등포구 의사당대로 97 교보증권빌딩 2층,37.5224767,126.9245731
121,상봉엔터식스점,서울시 중랑구 망우로 353 프레미어스엠코 엔터식스 B동 2층,02-437-8891,서울시 중랑구 망우로 353 프레미어스엠코 엔터식스 B동 2층,37.5977195,127.0932913
122,목동트라팰리스점,서울시 양천구 오목로 299 트라팰리스 이스턴에비뉴 1층,02-2643-7725,서울시 양천구 오목로 299 트라팰리스 이스턴에비뉴 1층,37.5257763,126.8703272
123,압구정현대아파트점,서울시 강남구 압구정로29길65 지하1층,02-518-3350,서울시 강남구 압구정로29길65 지하1층,37.5317699,127.0269887
124,역삼역4번출구점,서울시 강남구 테헤란로143 고운빌딩1층,02-508-1137,서울시 강남구 테헤란로143 고운빌딩1층,37.5005994,127.0349658
125,시청역7번출구점,서울시 중구 세종대로84 2층,02-754-8852,서울시 중구 세종대로84 2층,37.5636214,126.9771656
126,부평문화의거리점,"인천광역시 부평구 시장로29 1,2층  ",032-507-9901,"인천광역시 부평구 시장로29 1,2층",37.4936251,126.7256016
127,강남대로센터점,서울시 강남구 강남대로442 흥국화재빌딩 2층,02-565-3345,서울시 강남구 강남대로442 흥국화재빌딩 2층,37.5021078,127.0261636
128,구로G-ValleyMall,서울시 구로구 디지털로300 지밸리비즈플라자 2층,02-6344-3966,서울시 구로구 디지털로300 지밸리비즈플라자 2층,37.4833793,126.8941131
129,내방역7번출구유중아트점,서울시 서초구 방배로178 유중아트센터1층,02-592-8861,서울시 서초구 방배로178 유중아트센터1층,37.489493,126.992833
130,오리역애플플라자점,경기도 성남시 분당구 탄천상로151번길20 월드쇼핑 B동 1층,031-715-5638,경기도 성남시 분당구 탄천상로151번길20 월드쇼핑 B동 1층,37.3400065,127.1069645
131,도심공항점,서울시 강남구 테헤란로87길22 도심공항터미널 지하1층,02-551-6456,서울시 강남구 테헤란로87길22 도심공항터미널 지하1층,37.5096517,127.0593385
132,타임스퀘어점,서울시 영등포구 영중로15 타임스퀘어 1층,02-2635-8830,서울시 영등포구 영중로15 타임스퀘어 1층,37.5173108,126.9033793
133,차병원사거리점,서울시 강남구 봉은사로207 KJ타워1층,02-542-8813,서울시 강남구 봉은사로207 KJ타워1층,37.5078039,127.0346812
134,CBTL(커피빈)파르나스몰점,서울시 강남구 테헤란로521 파르나스몰 지하1층,02-538-2008,서울시 강남구 테헤란로521 파르나스몰 지하1층,37.5091322,127.0608511
135,광화문역1번출구점,서울시 종로구 새문안로5가길 7 1층 일부,02-723-3360,서울시 종로구 새문안로5가길 7 1층 일부,37.5727405,126.9740251
136,남양연구소PT동점,경기도 화성시 장덕동 현대연구소로150 현대자동차남양연구소 PT동 1층,031-355-1346,경기도 화성시 장덕동 현대연구소로150 현대자동차남양연구소 PT동 1층,37.159415,126.818941
137,현대프리미엄아울렛김포점,경기 김포시 고촌읍 전호리 654번지 현대프리미엄아울렛김포3층 618호,031-8048-2618,경기도 김포시 고촌읍 전호리 654번지 현대프리미엄아울렛김포3층 618호,37.5851988,126.7953056
138,여의도신영증권별관점,서울시 영등포구 국제금융로8길6 신영증권별관빌딩2층,02-782-1125,서울시 영등포구 국제금융로8길6 신영증권별관빌딩2층,37.5200391,126.9286025
139,이태원제일기획옆점,서울시 용산구 이태원로220(한남동) 1층,02-792-3560,서울시 용산구 이태원로220(한남동) 1층,37.5347725,126.9984693
140,강남역GT타워옆점,서울시 서초구 서초대로73길12 세계빌딩1층,02-592-0053,서울시 서초구 서초대로73길12 세계빌딩1층,37.4985126,127.0257229
141,광교아브뉴프랑점,"경기도 수원시 영통구 이의동 1332 광교아브뉴프랑 1층 A122,123호   ",031-216-9308,"경기도 수원시 영통구 이의동 1332 광교아브뉴프랑 1층 A122,123호",37.2987951,127.0591098
142,광장동대한제지점,서울시 광진구 아차산로563(광장동) 대한제지빌딩 로비층,02-458-8166,서울시 광진구 아차산로563(광장동) 대한제지빌딩 로비층,37.5440676,127.1029024
143,신천역점,서울시 송파구 올림픽로100 효창타워1층,02-417-8851,서울시 송파구 올림픽로100 효창타워1층,37.5114323,127.0812388
144,포항영일대점,경상북도 포항시 북구 삼호로265번길1 NB-City복합시설1층104호,054-241-3372,경상북도 포항시 북구 삼호로265번길1 NB-City복합시설1층104호,36.061543,129.379659
145,낙성대역점,"서울시 관악구 남부순환로1909 1,2층  ",02-875-3364,"서울시 관악구 남부순환로1909 1,2층",37.4780739,126.9615951
146,진주LH본사점,경상남도 진주시 충의로 19 LH진주사옥 홍보관1층,055-763-3520,경상남도 진주시 충의로 19 LH진주사옥 홍보관1층,35.150432,128.118247
147,인천공항탑승동130gate앞점,인천광역시 중구 공항로272 인천국제공항탑승동3층 FB-C5-57,032-743-7213,인천광역시 중구 공항로272 인천국제공항탑승동3층 FB-C5-57,37.479174,126.4406136
148,인천공항탑승동105gate앞점,인천광역시 중구 공항로272 인천국제공항탑승동3층 FB-C5-68,032-743-7223,인천광역시 중구 공항로272 인천국제공항탑승동3층 FB-C5-68,37.479174,126.4406136
149,경주미탐시티점,경상북도 경주시 엑스포로80(천군동)1층,054-777-5982,경상북도 경주시 엑스포로80(천군동)1층,35.8312212,129.2970539
150,석촌호수점,서울시 송파구 석촌호수로 222 제이타워 1층,02-415-1235,서울시 송파구 석촌호수로 222 제이타워 1층,37.5070095,127.1015359
151,오목교역사거리점,"서울시 양천구 오목로 350 목동썬텍씨티빌딩 1층,2층  ",02-2653-8577,"서울시 양천구 오목로 350 목동썬텍씨티빌딩 1층,2층",37.524127,126.8762326
152,을지로입구역점,"서울시 중구 남대문로10길 6 1,2층   ",02-752-3348,"서울시 중구 남대문로10길 6 1,2층",37.5668399,126.9832228
153,이천하이닉스점,경기 이천시 부발읍 하이닉스반도체,031-8094-7013,경기도 이천시 부발읍 하이닉스반도체,37.2836004,127.4868935
154,송도홈플러스점,인천광역시 연수구 송도국제대로 165(송도동) 홈플러스송도점1층,032-822-5905,인천광역시 연수구 송도국제대로 165(송도동) 홈플러스송도점1층,37.3839118,126.6438546
155,올림픽공원북2문앞점,서울시 강동구 강동대로193 1층,02-471-2372,서울시 강동구 강동대로193 1층,37.5244663,127.1279626
156,고대참살이길점,"서울시 성북구 인촌로24길 25 (안암동5가) 2층,3층  ",02-923-7735,"서울시 성북구 인촌로24길 25 (안암동5가) 2층,3층",37.5849882,127.0295301
157,예술의전당앞점,"서울특별시 서초구 반포대로4(서초동) 2층, 3층  ",02-583-8856,"서울시 서초구 반포대로4(서초동) 2층, 3층",37.4811993,127.0131712
158,삼성역글라스타워뒷점,서울시 강남구 영동대로85길 9 (대치동) 서전빌딩1층,02-552-3363,서울시 강남구 영동대로85길 9 (대치동) 서전빌딩1층,37.5070561,127.062887
159,범계역로데오점,경기도 안양시 동안구 평촌대로 223번길 41(호계동 1045-9) 2층,031-476-9082,경기도 안양시 동안구 평촌대로 223번길 41(호계동 1045-9) 2층,37.3908561,126.953285
160,포스코옆삼성로86길점,서울특별시 강남구 삼성로86길 11 거봉빌딩 1층,02-569-7501,서울시 강남구 삼성로86길 11 거봉빌딩 1층,37.5058427,127.0582887
161,상암한국지역정보개발원점,서울시 마포구 성암로301 KLID한국지역정보개발원 1층,02-376-9162,서울시 마포구 성암로301 KLID한국지역정보개발원 1층,37.5740931,126.9035854
162,판교알파돔시티점,경기도 성남시 분당구 판교역로145(백현동) 판교알파돔 C2-3블럭 1층,031-8017-8556,경기도 성남시 분당구 판교역로145(백현동) 판교알파돔 C2-3블럭 1층,37.3904019,127.1118815
163,대치동나무병원점,서울특별시 강남구 영동대로 225 나무병원1층 (대치동994-5),02-562-9605,서울시 강남구 영동대로 225 나무병원1층 (대치동994-5),37.4992302,127.0676319
164,분당정자점,경기도 성남시 분당구 정자일로 227(정자동) 백궁지엔느주차전용빌딩 1층,031-786-1906,경기도 성남시 분당구 정자일로 227(정자동) 백궁지엔느주차전용빌딩 1층,37.3705055,127.1057126
165,신논현역점,서울특별시 강남구 봉은사로108 글라스톤빌딩1층,02-569-9061,서울시 강남구 봉은사로108 글라스톤빌딩1층,37.5045043,127.0255817
166,강서그랜드아이파크점,서울시 강서구 화곡6동 1095번지 1층,02-2699-7462,서울시 강서구 화곡6동 1095번지 1층,37.554776,126.8511883
167,상암DDMC점,서울시 마포구 상암동 1610번지 DDMC 지하 1층,02-375-0994,서울시 마포구 상암동 1610번지 DDMC 지하 1층,37.5783107,126.8932276
168,연대동문회관점,"서울시 서대문구 대신동 50-5 1층,2층(B동)  ",02-362-8301,"서울시 서대문구 대신동 50-5 1층,2층(B동)",37.5630488,126.9432618
169,평촌점,"경기도 안양시 동안구 시민대로327번길 6, W 에이스타워 1층  ",031-426-9065,"경기도 안양시 동안구 시민대로327번길 6, W 에이스타워 1층",37.3918595,126.9571155
170,마두역점,경기도 고양시 일산동구 중앙로 1193 마두법조빌딩 1층,031-932-7018,경기도 고양시 일산동구 중앙로 1193 마두법조빌딩 1층,37.6530762,126.7765701
171,수원역점,"경기도 수원시 팔달구 매산로 11,  2층  ",031-248-9593,"경기도 수원시 팔달구 매산로 11, 2층",37.2674137,127.0027248
172,부천역점,경기도 부천시 부천로4 2층,032-668-7890,경기도 부천시 부천로4 2층,37.484425,126.7834829
173,장안점,"서울시 동대문구 장안동 372-1, 1층 일부 및 2층 전체  ",02-2249-9826,"서울시 동대문구 장안동 372-1, 1층 일부 및 2층 전체",37.5708961,127.0705258
174,서초역1번출구점,서울시 서초구 서초대로 250 스타갤러리 브릿지 1층 101호,02-598-7741,서울시 서초구 서초대로 250 스타갤러리 브릿지 1층 101호,37.4918657,127.0091612
175,수원망포역점,경기도 수원시 영통구 영통로 214번길 8 1층,031-273-8751,경기도 수원시 영통구 영통로 214번길 8 1층,37.2465113,127.0596207
176,대치사거리점,서울시 강남구 삼성로 352 창진빌딩 1층 및 2층,02-569-9751,서울시 강남구 삼성로 352 창진빌딩 1층 및 2층,37.5030162,127.059019
177,매헌역점,서울시 서초구 동산로 1  1층,02-2058-0921,서울시 서초구 동산로 1 1층,37.4689615,127.0401234
178,문래동점,서울시 영등포구 문래동6가 5번지 1층,02-2069-3157,서울시 영등포구 문래동6가 5번지 1층,37.5195897,126.8890304
179,해운대점,부산시 해운대구 해운대 해변로277 다옴빌딩1층,051-746-8214,부산광역시 해운대구 해운대 해변로277 다옴빌딩1층,35.1598905,129.16158
180,역삼동태광타워점,서울시 강남구 역삼동 718-20  태광타워 1층,02-569-9867,서울시 강남구 역삼동 718-20 태광타워 1층,37.5009053,127.0400123
181,수지동천점,경기 용인시 수지구 손곡로 95 송란빌딩 1층,031-896-9044,경기도 용인시 수지구 손곡로 95 송란빌딩 1층,37.335929,127.0917996
182,파주운정홈플러스점,경기도 파주시 청암로 17번길 17 1층,031-949-1408,경기도 파주시 청암로 17번길 17 1층,37.7511493,126.768323
183,잠원논현역점,서울시 서초구 신반포로47길 5 건물전체 1~3층,02-541-7404,서울시 서초구 신반포로47길 5 건물전체 1~3층,37.5109257,127.0194354
184,천호역점,서울시 강동구 올림픽로 659 쌍용플래티넘리버 1층,02-488-5912,서울시 강동구 올림픽로 659 쌍용플래티넘리버 1층,37.540229,127.1235413
185,강남대점,경기도 용인시 기흥구 강남로 3 강남앤플러스 1층,031-693-6312,경기도 용인시 기흥구 강남로 3 강남앤플러스 1층,37.2710262,127.1260965
186,홍대역8번출구점,서울시 마포구 양화로18안길 7 2층,02-338-9463,서울시 마포구 양화로18안길 7 2층,37.5567889,126.9250467
187,산본역점,경기도 군포시 광정로58 1층 104호 및 2층,031-399-8812,경기도 군포시 광정로58 1층 104호 및 2층,37.3584678,126.9309702
188,부천상동점,경기도 부천시 길주로 111 센타플라자 1층,032-329-9471,경기도 부천시 길주로 111 센타플라자 1층,37.5062868,126.7548742
189,안양1번가점,경기도 안양시 만안구 안양로304번길 12 세진빌딩 2층,031-468-9096,경기도 안양시 만안구 안양로304번길 12 세진빌딩 2층,37.3995189,126.9218997
190,원주AK플라자점,강원도 원주시 봉화로1 AK플라자원주점 1층,033-748-0631,강원도 원주시 봉화로1 AK플라자원주점 1층,37.3456122,127.927826
191,송파파크하비오B1점,"서울특별시 송파구 송파대로 111, 송파 파크하비오 하비오길 극장로 203동 지하1층  ",02-449-6797,"서울시 송파구 송파대로 111, 송파 파크하비오 하비오길 극장로 203동 지하1층",37.4856859,127.1193237
192,화정중앙공원점,경기도 고양시 덕양구 화신로260번길 26 동민프라자 1층 103~107호,031-979-9402,경기도 고양시 덕양구 화신로260번길 26 동민프라자 1층 103~107호,37.6316076,126.8328985
193,강남역12번출구점,서울특별시 강남구 테헤란로 111 2층,02-569-5838,서울시 강남구 테헤란로 111 2층,37.4988373,127.0292686
194,서초부띠크모나코점,서울특별시 서초구 서초대로 397 부띠크모나코 1층,02-537-4662,서울시 서초구 서초대로 397 부띠크모나코 1층,37.4973132,127.0242563
195,송파파크하비오점,서울특별시 송파구 송파대로 111 송파파크하비오 205동 1층 110-113,02-449-6881,서울시 송파구 송파대로 111 송파파크하비오 205동 1층 110-113,37.4856859,127.1193237
196,문정역엠스테이트점,서울 송파구 문정동 643-1번지 엠스테이트 B동 지하1층,02-6177-9080,서울시 송파구 문정동 643-1번지 엠스테이트 B동 지하1층,37.4859826,127.1197497
197,상봉역점,서울특별시 중랑구 망우로 291 1층,02-493-8902,서울시 중랑구 망우로 291 1층,37.5964105,127.0847782
198,강동경희대병원앞점,서울특별시 강동구 동남로 885 양지빌딩 1층,02-481-9938,서울시 강동구 동남로 885 양지빌딩 1층,37.5526158,127.1559614
199,노원역점,"서울시 노원구 노해로 490, 길빌딩 2층  ",02-952-9577,"서울시 노원구 노해로 490, 길빌딩 2층",37.6543867,127.062431
200,합정역점,"서울시 마포구 독막로 13, 2층  ",02-338-9178,"서울시 마포구 독막로 13, 2층",37.5487791,126.9150434
201,종각역점,서울시 종로구 종로 70 2층,02-739-6268,서울시 종로구 종로 70 2층,37.5698561,126.9851538
202,평택소사점,"경기도 평택시 평남로 862, 로이드빌딩 1층  ",031-692-2405,"경기도 평택시 평남로 862, 로이드빌딩 1층",36.9953598,127.0920854
203,몽촌토성역점,"서울시 송파구 방이동 44-2, 장은빌딩 1층  ",02-2141-0407,"서울시 송파구 방이동 44-2, 장은빌딩 1층",37.5168692,127.1127943
204,도곡동지오빌딩점,"서울특별시 강남구 도곡동 543-1, 지오빌딩 B1층  ",02-2058-3027,"서울시 강남구 도곡동 543-1, 지오빌딩 B1층",37.4923786,127.0417159
205,강북구청앞점,"서울특별시 강북구 한천로 139길 25, 1층 일부 및 2층 (수유동 191-70)  ",02-994-8878,"서울시 강북구 한천로 139길 25, 1층 일부 및 2층 (수유동 191-70)",37.6390728,127.0257088
206,송도트리플스트리트점," 인천 연수구 송도과학로 16번길 33-4 D동 119호,207호  ",032-310-9644,"인천광역시 연수구 송도과학로 16번길 33-4 D동 119호,207호",37.3839118,126.6438546
207,구의삼성쉐르빌점,서울특별시 광진구 구의강변로 106 삼성쉐르빌 1층,02-2201-8953,서울시 광진구 구의강변로 106 삼성쉐르빌 1층,37.5398369,127.0948552
208,여의도SK증권빌딩점,서울특별시 영등포구 국제금융로8길31 여의도SK증권빌딩점 1층,02-6484-5150,서울시 영등포구 국제금융로8길31 여의도SK증권빌딩점 1층,37.5198562,126.9279038
209,현대시티몰가든파이브점,서울특별시 송파구 충민로 66 가든파이브 라이프동 테크노관 1층,02-2673-2110,서울시 송파구 충민로 66 가든파이브 라이프동 테크노관 1층,,
210,합정푸르지오점,"서울특별시 마포구 월드컵로 3길14, 푸르지오2차 227,.228.229호  ",02-338-7684,"서울시 마포구 월드컵로 3길14, 푸르지오2차 227,.228.229호",37.5499618,126.9103649
211,신논현역2번출구점,서울시 서초구 강남대로 475 2층,02-541-9650,서울시 서초구 강남대로 475 2층,37.5046692,127.0238366
212,위례2차아이파크점,서울시 송파구 위례광장로 230 위례2차 아이파크 B동 1층,02-449-9703,서울시 송파구 위례광장로 230 위례2차 아이파크 B동 1층,37.4797341,127.1440951
213,혜화역1번출구점,서울특별시 종로구 대학로 128 2층,02-766-7937,서울시 종로구 대학로 128 2층,37.5826659,127.0021429
214,한성대입구역점,서울특별시 성북구 삼선교로 12 1층,02-766-7951,서울시 성북구 삼선교로 12 1층,37.5876061,127.0071529
215,한티역디마크빌딩점,서울특별시 강남구 도곡로 408 디마크빌딩 1층,02-2052-6590,서울시 강남구 도곡로 408 디마크빌딩 1층,37.4966281,127.055214
216,논현201-5번지점,"서울특별시 강남구  강남대로112길 20 1층, 2층  ",02-541-9563,"서울시 강남구 강남대로112길 20 1층, 2층",37.5054749,127.0260407
217,부산수영역점,부산광역시 수영구 수영로 667 1층,051-759-9046,부산광역시 수영구 수영로 667 1층,35.165358,129.1144954
218,수원송죽DT점,경기도 수원시 장안구 경수대로 989,031-248-6086,경기도 수원시 장안구 경수대로 989,37.3050129,127.0029155
219,동교동삼거리점,서울특별시 마포구 양화로 196(동교동),02-336-9198,서울시 마포구 양화로 196(동교동),37.5583346,126.9264846
220,성남신흥점,경기도 성남시 수정구 수정로 190 (신흥동),031-759-6675,경기도 성남시 수정구 수정로 190 (신흥동),37.4502975,127.1497231
221,응암동점,"서울시 은평구 은평로 121(응암동), 메디컬빌딩  ",02-389-6283,"서울시 은평구 은평로 121(응암동), 메디컬빌딩",37.6004562,126.9210757
222,서수원이마트점,"경기도 수원시 권선구 수인로 291(구운동), 이마트 서수원점 1층  ",031-278-6593,"경기도 수원시 권선구 수인로 291(구운동), 이마트 서수원점 1층",37.2826517,126.9700778
223,양천향교역점,서울특별시 강서구 강서로 457(마곡동),02-3665-9506,서울시 강서구 강서로 457(마곡동),37.5764888,126.8307466
224,성균관대 자연과학캠퍼스점,"경기 수원시 장안구 서부로 2066, 성균관대 자연과학 캠퍼스 N센터 1층  ",031-278-7640,"경기도 수원시 장안구 서부로 2066, 성균관대 자연과학 캠퍼스 N센터 1층",37.2939419,126.9754234
225,마곡마커스빌딩점,서울특별시 강서구 마곡동로 55 마커스빌딩 1층,02-6905-3030,서울시 강서구 마곡동로 55 마커스빌딩 1층,37.5595843,126.8350639
226,방이역4번출구점,서울 송파구 방이동 206-11,02-420-0386,서울시 송파구 방이동 206-11,37.5093116,127.1257862
227,IFC MALL 3호점,서울시 영등포구 국제금융로10 IFC Mall L2(2층),02-6137-5056,서울시 영등포구 국제금융로10 IFC Mall L2(2층),37.5249367,126.9252845
228,동탄능동DT점,"경기도 화성시 능동 453-4,453-8,454-1 소재 건물(1~3층)  ",031-267-4182,"경기도 화성시 능동 453-4,453-8,454-1 소재 건물(1~3층)",37.211684,127.0563643
229,수원인계DT점,경기도 수원시 팔달구 인계로79 (인계동),031-898-8818,경기도 수원시 팔달구 인계로79 (인계동),37.2689268,127.0265624
230,인천공항 제2여객터미널 입구점,인천광역시 중구 운서동 2868 인천공항 제2터미널 1층 연번(23-124),032-743-2894,인천광역시 중구 운서동 2868 인천공항 제2터미널 1층 연번(23-124),37.46645,126.4340715
231,부산서면서전로점,"부산광역시 부산진구 서전로 12, 1층  ",051-819-8708,"부산광역시 부산진구 서전로 12, 1층",35.1575195,129.0608886
232,분당차병원본관앞점,경기도 성남시 분당구 야탑로64 DS타워 1층,031-8017-8243,경기도 성남시 분당구 야탑로64 DS타워 1층,37.4094716,127.1259514
233,신용산역래미안점,서울시 용산구 한강대로95,02-2074-1049,서울시 용산구 한강대로95,37.5287967,126.9671806
234,선릉역3번출구세방빌딩점,서울특별시 강남구 선릉로 433 세방빌딩 1층,02-2051-9328,서울시 강남구 선릉로 433 세방빌딩 1층,37.50375,127.0488959
235,광명아브뉴프랑점,경기도 광명시 양지로16 아브뉴프랑 지하 2층 (주)커피빈코리아 광명아브뉴프랑점,02-899-7460,경기도 광명시 양지로16 아브뉴프랑 지하 2층 (주)커피빈코리아 광명아브뉴프랑점,37.456254,127.1615181
236,새문안로점,"서울특별시 종로구 새문안로 91 고려빌딩 1,2층   ",02-739-5806,"서울시 종로구 새문안로 91 고려빌딩 1,2층",37.5704347,126.9747439
237,문정동환인제약빌딩점,서울특별시 송파구 법원로6길 11 환인빌딩 1층,02-449-9569,서울시 송파구 법원로6길 11 환인빌딩 1층,37.5627426,126.9843425
238,경희대점,서울시 동대문구 경희대로 10 (회기동),02-3295-4552,서울시 동대문구 경희대로 10 (회기동),37.5923663,127.0526497
239,파주DT점,경기도 파주시 문발로 131,031-8070-0028,경기도 파주시 문발로 131,37.7071667,126.6869133
240,창원시티세븐점,경남 창원시 의창구 원이대로 320 더시티세븐 1F Skycone 105호,055-600-5361,경상남도 창원시 의창구 원이대로 320 더시티세븐 1F Skycone 105호,35.239659,128.6544233
241,종로구청앞점,서울특별시 종로구 종로3길 34,02-739-6151,서울시 종로구 종로3길 34,37.5718353,126.9794679
242,상수역점,"서울시 마포구 와우산로10길 3, 엘케이빌딩 1~3층  ",02-325-6804,"서울시 마포구 와우산로10길 3, 엘케이빌딩 1~3층",37.5481084,126.9231717
243,안양시청앞점,"경기도 안양시 동안구 시민대로 260, 1층 104,105호  ",031-5177-4770,"경기도 안양시 동안구 시민대로 260, 1층 104,105호",37.3918595,126.9571155
244,하남신세계백화점 B1점,"경기도 하남시 미사대로 750, 신세계백화점 지하1층 식품관  ",031-8072-1641,"경기도 하남시 미사대로 750, 신세계백화점 지하1층 식품관",37.5434191,127.236611
245,종로센트로폴리스점,"서울시 종로구 우정국로 26 센트로폴리스 1층 Retail 1-5,6  ",02-6370-5845,"서울시 종로구 우정국로 26 센트로폴리스 1층 Retail 1-5,6",37.5716155,126.9833532
246,잠실향군타워점,서울특별시 송파구 올림픽로35길 123 1층,02-412-8812,서울시 송파구 올림픽로35길 123 1층,37.5188607,127.0992536
247,부산서면점,부산 부산진구 서면로 62-1 에이스메디컬타워 1F,051-802-4282,부산광역시 부산진구 서면로 62-1 에이스메디컬타워 1F,35.1563184,129.0580556
248,영종도운서역점,"인천시 중구 신도시남로 142번길 6 (메가스타 영종 139,140,141호)  ",032-746-9822,"인천광역시 중구 신도시남로 142번길 6 (메가스타 영종 139,140,141호)",37.4941555,126.4918914
249,동대입구역점,"서울시 중구 장충동2가 188-11, 188-4, 188-5  ",02-2264-8247,"서울시 중구 장충동2가 188-11, 188-4, 188-5",37.5597027,127.0052075
250,해운대센텀호텔점,부산 해운대구 센텀3로 20 해운대센텀호텔 1F 101호,051-743-5088,부산광역시 해운대구 센텀3로 20 해운대센텀호텔 1F 101호,35.1678073,129.1328308
251,교대법원점,"서울 서초구 서초중앙로 156, 1층  ",02- 3664-7716,"서울시 서초구 서초중앙로 156, 1층",37.4956018,127.0135087
252,부천북부역사거리점,경기도 부천시 부천로25,032-655-8954,경기도 부천시 부천로25,37.4866431,126.7829404
253,부산남포역점,부산 중구 해관로 1 희남빌딩 1층,051-246-6284,부산광역시 중구 해관로 1 희남빌딩 1층,35.1053681,129.035314
254,광주상무역점,"광주 서구 상무중앙로 9, 동양빌딩 1F  ",062-385-8371,"광주광역시 서구 상무중앙로 9, 동양빌딩 1F",35.1477411,126.8479351
255,김포장기DT점,경기도 김포시 태장로 819,031-987-0409,경기도 김포시 태장로 819,37.6379309,126.6825156
256,서초동점,서울특별시 서초구 반포대로70,02-3665-9507,서울시 서초구 반포대로70,37.4866717,127.01052
257,남양주화도DT점,경기도 남양주시 경춘로 1641,031-591-2406,경기도 남양주시 경춘로 1641,37.6373116,127.2182144
258,선정릉역점,서울시 강남구 봉은사로 331 SH빌딩점 B1-1층,02-2058-3028,서울시 강남구 봉은사로 331 SH빌딩점 B1-1층,37.5101996,127.0429674
259,화곡역점,서울시 강서구 강서로 162,02-766-7952,서울시 강서구 강서로 162,37.5413713,126.841038
260,부천스타필드시티점,경기도 부천시 옥길동 768 부천스타필드시티점 4층,02-6386-1423,경기도 부천시 옥길동 768 부천스타필드시티점 4층,37.4666016,126.8247689
261,송도푸르지오월드마크점,"인천시 연수구 컨벤시아대로 60, 1층  ",032-851-6269,"인천광역시 연수구 컨벤시아대로 60, 1층",37.3973377,126.6506942
262,광주문화전당역점,광주광역시 동구 서남동 서석로 44 1층 ~ 2층,062-236-6591,광주광역시 동구 서남동 서석로 44 1층 ~ 2층,35.1465424,126.9184084
263,대구228공원앞점,대구광역시 중구 동성로3길 106,053-421-7436,대구광역시 중구 동성로3길 106,35.869952,128.5988209
264,삼성루첸타워점,서울 강남구 대치동 943-2 루첸타워 1층 로비,02-994-8879,서울시 강남구 대치동 943-2 루첸타워 1층 로비,37.507009,127.0586339
265,수원AK플라자점,경기도 수원시 팔달구 덕영대로 924 AK플라자 4층,031-240-2246 ｜ 031-278-7641,경기도 수원시 팔달구 덕영대로 924 AK플라자 4층,37.2654762,127.0003508
266,하나은행을지로본점,서울시 중구 을지로 35 하나은행 을지로본점 24F 내 스마트워크센터,02-338-9179,서울시 중구 을지로 35 하나은행 을지로본점 24F 내 스마트워크센터,37.5664524,126.9818516
267,선릉KSA한국표준협회점,서울시 강남구 테헤란로69길 5 DT센터점 1층,02-3141-7948,서울시 강남구 테헤란로69길 5 DT센터점 1층,37.5061942,127.0524311
268,논현역6번출구앞점,서울시 서초구 강남대로 563 페이토플라자 1층 ( 잠원동 37-1 ),02-755-3301,서울시 서초구 강남대로 563 페이토플라자 1층 ( 잠원동 37-1 ),37.5118313,127.0202041
269,이태원몬드리안호텔점,서울시 용산구 장문로 23 몬드리안 서울 이태원호텔 101호,02-3775-0548,서울시 용산구 장문로 23 몬드리안 서울 이태원호텔 101호,37.5289312,126.9933001
270,광주봉선점,광주광역시 남구 봉선로 168,062-671-3371,광주광역시 남구 봉선로 168,35.1228634,126.913529
271,KB국민은행노원역점,"서울시 노원구 동일로 1405, 1층 일부  ",02-930-9486,"서울시 노원구 동일로 1405, 1층 일부",37.6562713,127.0624069
272,수서역원방빌딩점,서울 강남구 광평로 51길 6-23 원방테크사옥 1층,02-3473-3830,서울시 강남구 광평로 51길 6-23 원방테크사옥 1층,37.4887469,127.1041429
273,송파헬리오시티점,서울시 송파구 송파대로 345 ( 헬리오시티상가 3블럭 A동 B1층 22호 ),02-777-3363,서울시 송파구 송파대로 345 ( 헬리오시티상가 3블럭 A동 B1층 22호 ),37.4998862,127.1114227
274,청계천을지로점,서울 중구 남대문로10길 33 1F,02-723-1771,서울시 중구 남대문로10길 33 1F,37.5672335,126.9836227
275,서초중앙로점,"서울시 서초구 서초중앙로 209, 해성빌딩 1층  ",02-537-2992,"서울시 서초구 서초중앙로 209, 해성빌딩 1층",37.5002838,127.0118117
276,일산동구청점,경기도 고양시 일산동구 정발산로 38,031-903-3989,경기도 고양시 일산동구 정발산로 38,37.6566756,126.7731232
277,부산화명수정역점,"부산광역시 북구 학사로 8  (화명동 2312), 크리스탈타워 2층 201~202호  ",051-361-3370,"부산광역시 북구 학사로 8 (화명동 2312), 크리스탈타워 2층 201~202호",35.2240618,129.0087461